statistic	translated_frame_score	untranslated_frame_score	translated_phylop	untranslated_phylop	translated_window_max	untranslated_window_max	translated_length	untranslated_length
count	2295.0	2286.0	2295.0	2286.0	1996.0	2224.0	2295.0	2295.0
null_count	0.0	9.0	0.0	9.0	299.0	71.0	0.0	0.0
mean	NaN	NaN	0.5428220787437308	0.05622976895794458	NaN	NaN	105.26797385620915	5856.276688453159
std	NaN	NaN	1.4949235861336327	1.1229264512710144	NaN	NaN	73.02369166875863	13046.051519116885
min	-65.20720787843068	-66.427201461792	-9.676340120445404	-8.372480126143707	-50.81190032958985	-42.25169996023178	12.0	0.0
25%	-27.24640026092529	-24.337016936565966	-0.2574090970905893	-0.32131527114380737	-18.965799713134764	-5.945699906349182	48.0	581.0
50%	-22.093222750557793	-20.63491067240149	0.34664582981107134	-0.03799275522528594	-12.762066731850306	1.2739999413490295	87.0	2001.0
75%	-16.001599979400634	-16.75252630095197	1.1632666471103827	0.27916411345957665	-6.097900080680847	5.698999881744385	153.0	5412.0
max	6.376599979400635	12.899999618530273	8.808083335558573	9.89050006866455	18.886900293827058	42.3640998840332	300.0	210084.0
