chrom	chromStart	chromEnd	name	score	strand	thickStart	thickEnd	itemRgb	blockCount	blockSizes	blockStarts	transcript_id	region_length	strand_right	gene_name	cds_frame	cds_start_pos	translated_matched_frame_score	translated_max_frame_score	translated_start_region_score	translated_window_max_score	translated_phylop_mean	translated_frame	translated_length	untranslated_matched_frame_score	untranslated_max_frame_score	untranslated_start_region_score	untranslated_window_max_score	untranslated_phylop_mean	untranslated_frame	untranslated_length	genome_coords	translated_block_starts	translated_block_ends	untranslated_block_starts	untranslated_block_ends
12	56160654	56161415	ENST00000550697_1	45	+	56160654	56161415	0	2	16,29	0,732	ENST00000550697	761	+	MYL6	0	56158401	10.439187549054623	10.439187549054623	11.079066717624665	11.079066717624665	7.588812530040741	3	32	-17.864079164084952	-16.47442903622475	1.3752000346779822	-1.77269995957613	2.4218822890624705	1	909	12:56161415-56158401	[56160654, 56160654]	[56160670, 56160670]	[56160670]	[56161579]
2	131264683	131264902	ENST00000683005_1	219	+	131264683	131264902	0	1	219	0	ENST00000683005	219	+	POTEE	0	131218402	NaN	NaN	NaN	NaN	2.902127865876271	1	219	-4.998538494110107	-4.998538494110107	NaN	NaN	2.0736702166354046	2	376	2:131264902-131218402	[131264683]	[131264902]	[131264902]	[131265278]
2	219271699	219271897	ENST00000490341_1	198	+	219271699	219271897	0	1	198	0	ENST00000490341	198	+	TUBA4B	0	219253407	22.446939284753316	22.446939284753316	35.354733022054035	32.995600032806394	3.562641385735737	1	198	-22.259150021324555	2.6793533053000766	-18.78713289499283	-10.658800069987773	2.711676665782773	1	300	2:219271897-219253407	[219271699]	[219271897]	[219271897]	[219272197]
20	34078549	34079914	ENST00000246194_1	9	+	34078549	34079914	0	2	4,5	0,1360	ENST00000246194	1365	+	RALY	0	34072074	10.977250099182129	10.977250099182129			6.641750156879425	3	8	-18.608278511609335	-18.608278511609335	-28.373533487319946	-1.3970000110566616	0.3702802476709754	2	6331	20:34079914-34072074	[34078549, 34078549]	[34078553, 34078553]	[34078553]	[34084884]
