statistic	translated_matched_frame_score	translated_max_frame_score	translated_start_region_score	translated_window_max_score	translated_phylop_mean	translated_length
count	1029.0	1029.0	916.0	739.0	1029.0	1029.0
null_count	964.0	964.0	1077.0	1254.0	964.0	964.0
mean	NaN	NaN	NaN	NaN	1.4651173164097333	74.01166180758017
std	NaN	NaN	NaN	NaN	2.2087362407551585	63.45973523554657
min	-54.06100006103516	-40.245333989461265	-61.39500122070312	-50.42239851405223	-12.925452380277038	1.0
25%	-24.68647816874411	-19.646645960708458	-26.559799635410307	-17.743642568588257	0.09351515613326972	27.0
50%	-18.984666379292808	-14.597823639126386	-18.149466609954835	-11.335699844360352	1.0057600037567318	54.0
75%	-12.39258368810018	-9.04562499349316	-10.689800214767455	-5.218700218200683	2.449153812124561	105.0
max	22.446939284753316	30.735000610351562	35.354733022054035	32.995600032806394	11.449000358581543	300.0
