statistic	translated_matched_frame_score	translated_max_frame_score	translated_start_region_score	translated_window_max_score	translated_phylop_mean	translated_length
count	13664.0	13664.0	12236.0	10407.0	13664.0	13664.0
null_count	6708.0	6708.0	8136.0	9965.0	6708.0	6708.0
mean	NaN	NaN	NaN	NaN	NaN	104.63597775175644
std	NaN	NaN	NaN	NaN	NaN	145.31797099847495
min	-50.896857670375276	-50.896857670375276	-74.75760014851888	-42.71237106676455	-13.283722189289552	3.0
25%	-17.782600180308023	-17.782600180308023	-19.855399894714356	-9.62220003604889	0.05180952724601541	30.0
50%	-10.088516383953802	-10.088516383953802	-10.163333304723103	-2.3578999638557434	1.2793333538704448	67.0
75%	-1.3587272067864735	-1.3587272067864735	-0.8220001280307769	6.108299845457077	3.2250694260001183	133.0
max	49.61366695827908	49.61366695827908	55.695401191711426	56.970600080490115	10.327333450317383	4887.0
