statistic	translated_matched_frame_score	translated_max_frame_score	translated_start_region_score	translated_window_max_score	translated_phylop_mean	translated_length
count	13742.0	13742.0	12306.0	10468.0	13742.0	13742.0
null_count	6630.0	6630.0	8066.0	9904.0	6630.0	6630.0
mean	NaN	NaN	NaN	NaN	NaN	104.77259496434289
std	NaN	NaN	NaN	NaN	NaN	145.61942415625438
min	-91.59199853376909	-91.59199853376909	-95.58240051269532	-53.904700660705565	-13.283722189289552	3.0
25%	-22.686599349975587	-22.686599349975587	-24.780799770355223	-14.012799930572509	0.05274073639165978	30.0
50%	-15.192296208974756	-15.192296208974756	-13.907599687576294	-5.991499757766723	1.2823333616058032	67.0
75%	-6.195289427120435	-6.195289427120435	-4.698799872398377	1.8573999114334583	3.2250694260001183	135.0
max	49.61366695827908	49.61366695827908	55.695401191711426	56.970600080490115	10.327333450317383	4887.0
