statistic	translated_frame_score	untranslated_frame_score	translated_phylop	untranslated_phylop	translated_window_max	untranslated_window_max	translated_length	untranslated_length
count	2295.0	2286.0	2295.0	2286.0	1996.0	2224.0	2295.0	2295.0
null_count	0.0	9.0	0.0	9.0	299.0	71.0	0.0	0.0
mean	NaN	NaN	0.5428220787437308	0.05622976895794458	NaN	NaN	105.26797385620915	5856.276688453159
std	NaN	NaN	1.4949235861336327	1.1229264512710144	NaN	NaN	73.02369166875863	13046.051519116885
min	-54.80700045824051	-66.427201461792	-9.676340120445404	-8.372480126143707	-48.71036643981934	-38.89400018503269	12.0	0.0
25%	-27.17625012397766	-24.408103013543123	-0.2574090970905893	-0.32131527114380737	-19.32659993171692	-5.746500015258789	48.0	581.0
50%	-22.26972922931115	-20.651279042701464	0.34664582981107134	-0.03799275522528594	-12.823100197315217	1.4079999923706055	87.0	2001.0
75%	-16.516249805688858	-16.73148047725438	1.1632666471103827	0.27916411345957665	-6.244033257166545	5.592000067234039	153.0	5412.0
max	6.376599979400635	25.077999114990234	8.808083335558573	9.89050006866455	20.379499197006226	43.35020036697388	300.0	210084.0
