statistic	translated_frame_score	untranslated_frame_score	translated_phylop	untranslated_phylop	translated_window_max	untranslated_window_max	translated_length	untranslated_length
count	112.0	112.0	112.0	112.0	79.0	107.0	112.0	112.0
null_count	0.0	0.0	0.0	0.0	33.0	5.0	0.0	0.0
mean	NaN	-21.404158957934165	0.23289589750264653	0.24649808227188233	NaN	NaN	75.61607142857143	4073.098214285714
std	NaN	5.990383724121328	1.5891539838452644	1.3197778999863317	NaN	NaN	61.592565003469076	7201.182520459383
min	-55.8721912247794	-37.538625836372375	-2.9355749969836324	-4.224388884936666	-45.083199405670165	-34.376499870916206	6.0	3.0
25%	-29.933843080319612	-25.377551653662447	-0.6122136715536889	-0.21859907619337882	-22.992000150680543	-9.401000218732017	24.0	224.0
50%	-22.239167504840427	-20.75319026605714	-0.2045185209415784	-0.011926162275808316	-12.368933252493541	-0.5385002042865381	63.0	1249.0
75%	-15.295515356641827	-17.120298807673223	0.6087999989821886	0.3758863730496019	-7.816899991035461	6.3298998296260836	105.0	4224.0
max	7.410833199818929	-5.729506495614331	7.971000115076701	9.018999894460043	3.6716999232769014	44.04240000247955	267.0	45372.0
