statistic	translated_frame_score	untranslated_frame_score	translated_phylop	untranslated_phylop	translated_window_max	untranslated_window_max	translated_length	untranslated_length
count	2433.0	2424.0	2433.0	2424.0	2118.0	2362.0	2433.0	2433.0
null_count	0.0	9.0	0.0	9.0	315.0	71.0	0.0	0.0
mean	NaN	NaN	0.5361107990239151	0.053551585531209964	NaN	NaN	105.40567200986436	5809.7875051376905
std	NaN	NaN	1.511878723363194	1.100325740691974	NaN	NaN	73.08644001814291	12779.740984415854
min	-54.80700045824051	-66.427201461792	-9.676340120445404	-8.372480126143707	-48.71036643981934	-38.89400018503269	12.0	0.0
25%	-27.19558969522134	-24.419255306045493	-0.2503923068539454	-0.31517129941403277	-19.31390009522438	-5.746500015258789	48.0	592.0
50%	-22.33183898336144	-20.64996361056032	0.3335600014900168	-0.03405966921953806	-12.815999841690063	1.4407999575138093	87.0	2043.0
75%	-16.529555651876663	-16.605496547055004	1.1783541782642715	0.28110057993259047	-6.291899956762791	5.569499969482422	153.0	5413.0
max	6.376599979400635	25.077999114990234	8.808083335558573	9.89050006866455	20.379499197006226	44.04240000247955	300.0	210084.0
