statistic	translated_matched_frame_score	translated_max_frame_score	translated_start_region_score	translated_window_max_score	translated_phylop_mean	translated_length
count	1579.0	1579.0	1579.0	1579.0	1579.0	1579.0
null_count	0.0	0.0	0.0	0.0	0.0	0.0
mean	NaN	NaN	NaN	NaN	0.8978709817788837	151.4547181760608
std	NaN	NaN	NaN	NaN	2.2488185936425507	163.45685723658502
min	-53.67585758178953	-53.67585758178953	-70.76119956970214	-46.710766808191934	-11.960686255903806	33.0
25%	-22.255080836850244	-22.255080836850244	-22.77693290710449	-12.253999844938516	-0.23594040219018247	63.0
50%	-14.803708629300262	-14.803708629300262	-12.98359990119934	-5.099300059117377	0.675523815233083	102.0
75%	-8.03881817881937	-8.03881817881937	-4.437800073623658	1.2359000027179718	2.0212962128287093	174.0
max	14.293449836969376	14.293449836969376	18.088599681854248	27.640400695800782	9.91271095275879	1676.0
