statistic	translated_matched_frame_score	translated_max_frame_score	translated_start_region_score	translated_window_max_score	translated_phylop_mean	translated_length
count	1578.0	1578.0	1578.0	1578.0	1578.0	1578.0
null_count	1.0	1.0	1.0	1.0	1.0	1.0
mean	NaN	NaN	NaN	NaN	0.8985929035916977	151.44233206590621
std	NaN	NaN	NaN	NaN	2.249348451237537	163.50793304162553
min	-53.67585758178953	-53.67585758178953	-70.76119956970214	-46.710766808191934	-11.960686255903806	33.0
25%	-22.28384080387297	-22.28384080387297	-22.77693290710449	-12.311399972438812	-0.23594040219018247	63.0
50%	-14.803708629300262	-14.803708629300262	-12.98359990119934	-5.099300059117377	0.6766321838287443	102.0
75%	-8.075103430848184	-8.075103430848184	-4.445866791407267	1.231142818927765	2.0212962128287093	174.0
max	14.293449836969376	14.293449836969376	18.088599681854248	27.640400695800782	9.91271095275879	1676.0
