statistic	translated_matched_frame_score	translated_max_frame_score	translated_start_region_score	translated_window_max_score	translated_phylop_mean	translated_length
count	13664.0	13664.0	12236.0	10407.0	13664.0	13664.0
null_count	6708.0	6708.0	8136.0	9965.0	6708.0	6708.0
mean	NaN	NaN	NaN	NaN	NaN	104.63597775175644
std	NaN	NaN	NaN	NaN	NaN	145.31797099847495
min	-95.02466543515523	-50.896857670375276	-113.8439328511556	-53.904700660705565	-13.283722189289552	3.0
25%	-24.500618145682594	-17.77066667874654	-26.681400044759116	-14.864599931240082	0.05180952724601541	30.0
50%	-17.199192147224377	-10.200948964708891	-16.10886656443278	-7.434399896860123	1.2793333538704448	67.0
75%	-8.540138184539671	-2.1398210223041363	-6.621599960327148	0.18637511134147644	3.2250694260001183	133.0
max	49.61366695827908	49.61366695827908	47.54473454157512	56.970600080490115	10.327333450317383	4887.0
