statistic	translated_matched_frame_score	translated_max_frame_score	translated_start_region_score	translated_window_max_score	translated_phylop_mean	translated_length
count	1993.0	1993.0	1880.0	1742.0	1993.0	1993.0
null_count	0.0	0.0	113.0	251.0	0.0	0.0
mean	NaN	NaN	NaN	NaN	1.1952664550036218	952.3883592574009
std	NaN	NaN	NaN	NaN	1.8875598253201962	1781.7688930548763
min	-72.32899856567383	-39.02416653103299	-62.40553410847982	-45.377233807245894	-15.002797616024813	6.0
25%	-24.311964992413753	-21.585166692733765	-27.141799449920654	-12.64349992275238	0.08656250116958593	54.0
50%	-20.274637906485353	-18.126270203978176	-18.67720020612081	-5.339400029182434	0.875900513234513	168.0
75%	-15.524245282820186	-13.163713588190392	-10.782399900754292	0.7405555380715264	1.9695873912637334	1105.0
max	15.95679242655916	15.95679242655916	35.354733022054035	32.995600032806394	9.148499965667725	19695.0
